current_minus_entry,inverted_loss
0.0,17.583333333333332
1.0,10.583333333333332
2.0,10.583333333333332
3.0,9.916666666666668
4.0,7.833333333333334
5.0,6.666666666666667
6.0,4.666666666666666
7.0,4.666666666666666
8.0,4.666666666666666
9.0,4.666666666666666
10.0,3.6666666666666665
11.0,0.3333333333333333
12.0,0.3333333333333333
